{
  "cADpyr_L5TPC_42": {
    "emodel": "cADpyr_L5TPC",
    "species": "rat",
    "score": 117.65889691238256,
    "params": {
      "constant.distribution_decay": -0.09999999995,
      "g_pas.all": 2.0410828984208897e-05,
      "e_pas.all": -62.10928486280211,
      "gIhbar_Ih.somadend": 0.0001999999999,
      "gNaTgbar_NaTg.axonal": 1.2114954671266513,
      "gNap_Et2bar_Nap_Et2.axonal": 0.019999999990000003,
      "gK_Pstbar_K_Pst.axonal": 0.535246240696699,
      "gK_Tstbar_K_Tst.axonal": 0.1999999999,
      "gSKv3_1bar_SKv3_1.axonal": 0.5926386191363517,
      "gCa_HVAbar_Ca_HVA2.axonal": 0.0002782355992805856,
      "gCa_LVAstbar_Ca_LVAst.axonal": 0.0022298686370018114,
      "gSK_E2bar_SK_E2.axonal": 0.07043537716218704,
      "decay_CaDynamics_DC0.axonal": 63.529904275030816,
      "gamma_CaDynamics_DC0.axonal": 0.005000000022499996,
      "gNaTgbar_NaTg.somatic": 0.2618850183813263,
      "gK_Pstbar_K_Pst.somatic": 9.999999439624929e-11,
      "gK_Tstbar_K_Tst.somatic": 0.07619237771725855,
      "gSKv3_1bar_SKv3_1.somatic": 0.9999999995,
      "gCa_HVAbar_Ca_HVA2.somatic": 0.0009999999995,
      "gCa_LVAstbar_Ca_LVAst.somatic": 0.009999999995000002,
      "gSK_E2bar_SK_E2.somatic": 0.08020699730321879,
      "decay_CaDynamics_DC0.somatic": 280.7931878646513,
      "gamma_CaDynamics_DC0.somatic": 0.037813752227371294,
      "gamma_CaDynamics_DC0.apical": 0.0496795720366292,
      "gNaTgbar_NaTg.apical": 0.09999999995,
      "gSKv3_1bar_SKv3_1.apical": 0.00211203426119338,
      "gCa_HVAbar_Ca_HVA2.apical": 9.999999995e-05,
      "gCa_LVAstbar_Ca_LVAst.apical": 4.999999980020986e-13,
      "gamma_CaDynamics_DC0.basal": 0.020730486657613803,
      "gCa_HVAbar_Ca_HVA2.basal": 3.806251225242967e-05,
      "gCa_LVAstbar_Ca_LVAst.basal": 0.000301803830976521
    },
    "fitness": {
      "bAP.soma.v.Spikecount": 0.0,
      "bAP.dend1.v.maximum_voltage_from_voltagebase": 11.331747672372657,
      "bAP.dend2.v.maximum_voltage_from_voltagebase": 8.22653706915622,
      "bAP.ca_prox_apic.cai.maximum_voltage_from_voltagebase": 2.8368817941369295,
      "bAP.ca_prox_basal.cai.maximum_voltage_from_voltagebase": 5.780265048302915,
      "bAP.ca_soma.cai.maximum_voltage_from_voltagebase": 0.04894485102000569,
      "bAP.ca_ais.cai.maximum_voltage_from_voltagebase": 0.905008154725981,
      "Step_150.soma.v.voltage_base": 1.7272375906402988,
      "Step_150.soma.v.voltage_after_stim": 3.6943097605672164,
      "Step_150.soma.v.AP_amplitude": 1.373343163188318,
      "Step_150.soma.v.APlast_amp": 1.4884515103574623,
      "Step_150.soma.v.AHP_depth": 2.954127209781427,
      "Step_150.soma.v.mean_frequency": 0.5614681226649063,
      "Step_150.soma.v.inv_time_to_first_spike": 0.7770961876446462,
      "Step_150.soma.v.time_to_last_spike": 0.6436863272141037,
      "Step_150.soma.v.inv_first_ISI": 0.820836149527832,
      "Step_150.soma.v.inv_second_ISI": 0.3468295141269172,
      "Step_150.soma.v.inv_third_ISI": 0.6332914928557929,
      "Step_150.soma.v.inv_fourth_ISI": 0.8227638054128764,
      "Step_150.soma.v.inv_fifth_ISI": 0.8578467664311284,
      "Step_200.soma.v.voltage_base": 1.557386379662784,
      "Step_200.soma.v.voltage_after_stim": 3.221705788184291,
      "Step_200.soma.v.AP_amplitude": 1.847900460005334,
      "Step_200.soma.v.APlast_amp": 1.9736217712350292,
      "Step_200.soma.v.AHP_depth": 3.651550092574556,
      "Step_200.soma.v.mean_frequency": 0.1849565153239783,
      "Step_200.soma.v.inv_time_to_first_spike": 0.8775762465318093,
      "Step_200.soma.v.time_to_last_spike": 0.9812839843221199,
      "Step_200.soma.v.inv_first_ISI": 0.27701034902118565,
      "Step_200.soma.v.inv_second_ISI": 0.9986302966928959,
      "Step_200.soma.v.inv_third_ISI": 0.5812542936695143,
      "Step_200.soma.v.inv_fourth_ISI": 0.38247572984780603,
      "Step_200.soma.v.inv_fifth_ISI": 0.25515132112991906,
      "Step_280.soma.v.voltage_base": 1.6022185207127975,
      "Step_280.soma.v.voltage_after_stim": 3.314960674207606,
      "Step_280.soma.v.AP_amplitude": 2.179517665168072,
      "Step_280.soma.v.APlast_amp": 2.1368411139281935,
      "Step_280.soma.v.AHP_depth": 3.5702699286139996,
      "Step_280.soma.v.mean_frequency": 1.7094461957835112,
      "Step_280.soma.v.inv_time_to_first_spike": 0.8700538544313812,
      "Step_280.soma.v.time_to_last_spike": 0.3335928728947704,
      "Step_280.soma.v.inv_first_ISI": 0.535596320490894,
      "Step_280.soma.v.inv_second_ISI": 2.612146536910383,
      "Step_280.soma.v.inv_third_ISI": 2.43522584685241,
      "Step_280.soma.v.inv_fourth_ISI": 2.117253129975661,
      "Step_280.soma.v.inv_fifth_ISI": 1.9142231080621372,
      "APWaveform_320.soma.v.AP_amplitude": 1.0313927115978792,
      "APWaveform_320.soma.v.AP1_amp": 3.6606131163496203,
      "APWaveform_320.soma.v.AP2_amp": 1.9290291875693542,
      "APWaveform_320.soma.v.AP_duration_half_width": 2.2606422703504134,
      "APWaveform_320.soma.v.AHP_depth": 4.150471752639475,
      "IV_-100.soma.v.voltage_deflection": 2.3443505998078527,
      "IV_-100.soma.v.voltage_deflection_begin": 3.0369158579817896,
      "SpikeRec_600.soma.v.decay_time_constant_after_stim": 1.4562353084805724,
      "SpikeRec_600.soma.v.voltage_after_stim": 2.365210420767335,
      "SpikeRec_600.soma.v.Spikecount": 0.43669141039236475,
      ".bpo_threshold_current.bpo_threshold_current": 0.14103180204258367,
      ".bpo_holding_current.bpo_holding_current": 3.385855923694779,
      "RinProtocol.soma.v.ohmic_input_resistance_vb_ssse": 1.6445211070935761,
      "RMPProtocol.soma.v.steady_state_voltage_stimend": 1.8634142572542511
    },
    "validation_fitness": {},
    "validated": false,
    "optimizer": "MO-CMA",
    "seed": 42
  }
}