{
  "cADpyr_L5TPC__42": {
    "emodel": "cADpyr_L5TPC",
    "score": 124.89217249398135,
    "params": {
      "constant.distribution_decay": -0.05761755956616788,
      "g_pas.all": 3.0446989142962795e-05,
      "e_pas.all": -66.21521061023577,
      "gIhbar_Ih.somadend": 0.0001468327408282559,
      "gNaTgbar_NaTg.axonal": 1.0557666798267504,
      "gNap_Et2bar_Nap_Et2.axonal": 0.019999999990000003,
      "gK_Pstbar_K_Pst.axonal": 0.21342282914315452,
      "gK_Tstbar_K_Tst.axonal": 0.1450168979063192,
      "gSKv3_1bar_SKv3_1.axonal": 0.4822515777534655,
      "gCa_HVAbar_Ca_HVA2.axonal": 0.00046777231124318225,
      "gCa_LVAstbar_Ca_LVAst.axonal": 0.001192849764132396,
      "gSK_E2bar_SK_E2.axonal": 0.07120480729680471,
      "decay_CaDynamics_DC0.axonal": 49.57316374152761,
      "gamma_CaDynamics_DC0.axonal": 0.005000000022499996,
      "gNaTgbar_NaTg.somatic": 0.2335080803358746,
      "gK_Pstbar_K_Pst.somatic": 0.08338597224852684,
      "gK_Tstbar_K_Tst.somatic": 0.03542971205739827,
      "gSKv3_1bar_SKv3_1.somatic": 0.7939238323813753,
      "gCa_HVAbar_Ca_HVA2.somatic": 0.0005914614833551564,
      "gCa_LVAstbar_Ca_LVAst.somatic": 0.007116722626782309,
      "gSK_E2bar_SK_E2.somatic": 0.03312135104449614,
      "decay_CaDynamics_DC0.somatic": 217.96969409487718,
      "gamma_CaDynamics_DC0.somatic": 0.0499999999775,
      "gamma_CaDynamics_DC0.apical": 0.047890901659215473,
      "gNaTgbar_NaTg.apical": 0.05961329992836672,
      "gSKv3_1bar_SKv3_1.apical": 0.00016526528856275892,
      "gCa_HVAbar_Ca_HVA2.apical": 9.346386966170391e-05,
      "gCa_LVAstbar_Ca_LVAst.apical": 4.999999980020986e-13,
      "gamma_CaDynamics_DC0.basal": 0.023712456972067166,
      "gCa_HVAbar_Ca_HVA2.basal": 7.117190970190541e-05,
      "gCa_LVAstbar_Ca_LVAst.basal": 0.0005580256183230489
    },
    "fitness": {
      "bAP.soma.v.Spikecount": 0.0,
      "bAP.dend1.v.maximum_voltage_from_voltagebase": 11.156411914367242,
      "bAP.dend2.v.maximum_voltage_from_voltagebase": 8.072462397689083,
      "bAP.ca_prox_apic.cai.maximum_voltage_from_voltagebase": 2.8176666929171392,
      "bAP.ca_prox_basal.cai.maximum_voltage_from_voltagebase": 5.701848975053257,
      "bAP.ca_soma.cai.maximum_voltage_from_voltagebase": 0.20602705531301083,
      "bAP.ca_ais.cai.maximum_voltage_from_voltagebase": 0.8043788192647304,
      "Step_150.soma.v.voltage_base": 0.4486804320840318,
      "Step_150.soma.v.voltage_after_stim": 2.824259411964716,
      "Step_150.soma.v.AP_amplitude": 1.1535791469466667,
      "Step_150.soma.v.APlast_amp": 1.324324093627997,
      "Step_150.soma.v.AHP_depth": 1.8869893275517617,
      "Step_150.soma.v.mean_frequency": 3.1515011123521397,
      "Step_150.soma.v.inv_time_to_first_spike": 0.4686569933005182,
      "Step_150.soma.v.time_to_last_spike": 0.7043360400885134,
      "Step_150.soma.v.inv_first_ISI": 3.7531606303268563,
      "Step_150.soma.v.inv_second_ISI": 3.7685975410497328,
      "Step_150.soma.v.inv_third_ISI": 2.945917729163941,
      "Step_150.soma.v.inv_fourth_ISI": 3.0988389846779,
      "Step_150.soma.v.inv_fifth_ISI": 3.0746378916696346,
      "Step_200.soma.v.voltage_base": 0.2904923712535363,
      "Step_200.soma.v.voltage_after_stim": 2.6242679866923013,
      "Step_200.soma.v.AP_amplitude": 1.627313724229217,
      "Step_200.soma.v.APlast_amp": 1.8183910824272465,
      "Step_200.soma.v.AHP_depth": 2.422119179002333,
      "Step_200.soma.v.mean_frequency": 2.8241851754008724,
      "Step_200.soma.v.inv_time_to_first_spike": 0.5466544448718585,
      "Step_200.soma.v.time_to_last_spike": 0.48054847774241827,
      "Step_200.soma.v.inv_first_ISI": 2.2116341798608468,
      "Step_200.soma.v.inv_second_ISI": 2.2001413749844527,
      "Step_200.soma.v.inv_third_ISI": 1.744796422601178,
      "Step_200.soma.v.inv_fourth_ISI": 2.0642153350953443,
      "Step_200.soma.v.inv_fifth_ISI": 2.2764303598985305,
      "Step_280.soma.v.voltage_base": 0.5066222516715102,
      "Step_280.soma.v.voltage_after_stim": 2.8129567488619087,
      "Step_280.soma.v.AP_amplitude": 2.0257079967329266,
      "Step_280.soma.v.APlast_amp": 2.303488160978069,
      "Step_280.soma.v.AHP_depth": 2.470344808399146,
      "Step_280.soma.v.mean_frequency": 1.8730475898112893,
      "Step_280.soma.v.inv_time_to_first_spike": 0.5202299921504383,
      "Step_280.soma.v.time_to_last_spike": 0.8188188697234337,
      "Step_280.soma.v.inv_first_ISI": 0.7567133292714182,
      "Step_280.soma.v.inv_second_ISI": 0.4020359487024015,
      "Step_280.soma.v.inv_third_ISI": 0.06763474799102555,
      "Step_280.soma.v.inv_fourth_ISI": 0.3841102326629476,
      "Step_280.soma.v.inv_fifth_ISI": 0.6768442586166299,
      "APWaveform_320.soma.v.AP_amplitude": 1.1975132123969507,
      "APWaveform_320.soma.v.AP1_amp": 3.701649019995774,
      "APWaveform_320.soma.v.AP2_amp": 1.7028579936416277,
      "APWaveform_320.soma.v.AP_duration_half_width": 2.2606422703504134,
      "APWaveform_320.soma.v.AHP_depth": 3.574330828458259,
      "IV_-100.soma.v.voltage_deflection": 1.8461600834450005,
      "IV_-100.soma.v.voltage_deflection_begin": 2.49697391654283,
      "SpikeRec_600.soma.v.decay_time_constant_after_stim": 0.7723493286301815,
      "SpikeRec_600.soma.v.voltage_after_stim": 1.8921746563295787,
      "SpikeRec_600.soma.v.Spikecount": 0.43669141039236475,
      ".bpo_threshold_current.bpo_threshold_current": 0.885220833380757,
      ".bpo_holding_current.bpo_holding_current": 3.385855923694779,
      "RinProtocol.soma.v.ohmic_input_resistance_vb_ssse": 1.61105346289559,
      "RMPProtocol.soma.v.steady_state_voltage_stimend": 3.0166793147850934
    },
    "validation_fitness": {},
    "validated": false,
    "optimizer": "MO-CMA",
    "seed": 42,
    "githash": "None"
  }
}